side,id,pcb_x_mm,pcb_y_mm,cad_x_mm,cad_y_mm,cad_angle_deg,length_mm,width_mm,thickness_mm,quantity
left,L1,75.0,26.075,75.0,-26.075,0.0,14,3,1.5,2
left,L2,141.97,19.4075,141.97,-19.4075,0.0,14,3,1.5,2
left,L3,53.745,74.0,53.745,-74.0,-90.0,14,3,1.5,2
left,L4,193.583,80.0,193.583,-80.0,-90.0,14,3,1.5,2
left,L5,75.0,107.275,75.0,-107.275,0.0,14,3,1.5,2
left,L6,166.43346828315876,129.38140418364426,166.43346828315876,-129.38140418364426,-22.463058868556626,14,3,1.5,2
right,R1,171.0,26.075,171.0,-26.075,0.0,14,3,1.5,2
right,R2,103.87,19.4075,103.87,-19.4075,0.0,14,3,1.5,2
right,R3,192.095,74.0,192.095,-74.0,-90.0,14,3,1.5,2
right,R4,52.258,80.0,52.258,-80.0,-90.0,14,3,1.5,2
right,R6,79.40653171684126,129.38140418364426,79.40653171684126,-129.38140418364426,22.463058868556626,14,3,1.5,2
